[{"model": "article.category", "pk": 1, "fields": {"name": "鎌倉"}}, {"model": "article.category", "pk": 2, "fields": {"name": ""}}, {"model": "article.category", "pk": 3, "fields": {"name": "カフェ"}}, {"model": "article.category", "pk": 4, "fields": {"name": "グルメ"}}, {"model": "article.category", "pk": 6, "fields": {"name": "韓国"}}, {"model": "article.category", "pk": 7, "fields": {"name": "ネモフィラ"}}, {"model": "article.category", "pk": 8, "fields": {"name": "フォトジェニック"}}, {"model": "article.category", "pk": 9, "fields": {"name": "公園"}}, {"model": "article.category", "pk": 10, "fields": {"name": "国営ひたち海浜公園"}}, {"model": "article.category", "pk": 11, "fields": {"name": "三重"}}, {"model": "article.category", "pk": 12, "fields": {"name": "伊勢神宮"}}, {"model": "article.category", "pk": 13, "fields": {"name": "浅草"}}, {"model": "article.category", "pk": 14, "fields": {"name": "立川"}}, {"model": "article.category", "pk": 15, "fields": {"name": "熊本"}}, {"model": "article.category", "pk": 16, "fields": {"name": "お台場"}}, {"model": "article.category", "pk": 17, "fields": {"name": "東京"}}, {"model": "article.category", "pk": 18, "fields": {"name": "京都"}}, {"model": "article.category", "pk": 19, "fields": {"name": "広島"}}, {"model": "article.category", "pk": 20, "fields": {"name": "ランチ"}}, {"model": "article.category", "pk": 21, "fields": {"name": "東京ドイツ村"}}, {"model": "article.category", "pk": 22, "fields": {"name": "千葉"}}, {"model": "article.category", "pk": 23, "fields": {"name": "美術館"}}, {"model": "article.category", "pk": 24, "fields": {"name": "屋内"}}, {"model": "article.category", "pk": 25, "fields": {"name": "体験"}}, {"model": "article.category", "pk": 26, "fields": {"name": "神奈川"}}, {"model": "article.article", "pk": 1, "fields": {"user": 3, "title": "【私が行きたい！】鎌倉のあがるスポット３選！！", "image": "article_images/26920132_s.jpg", "text": "テレワークで家から出る機会が少なくなった私が選ぶ、鎌倉周辺で行きたいスポットをご紹介♪\r\n心も体も癒して、１日で全身を回復しよう！！\r\n\r\n◎報国寺\r\n\r\n鎌倉といえば鶴岡八幡宮や長谷寺が有名だが、もっと自然に触れたい私におすすめの場所が報国寺。\r\n美しい竹林が広がる非日常空間は、呼吸をするだけで全身回復できそう。\r\n\r\n見るだけでも癒されるインスタグラムのアカウントはこちらから\r\nhttps://www.instagram.com/houkokuji_official/\r\n\r\n\r\n◎ヤッチとムーン 鎌倉出張所\r\n長谷駅から徒歩５分の工芸品のセレクトショップ。\r\n沖縄の伝統工芸品「やちむん」や全国の陶芸作家さんの作品が販売されている。\r\n遊び心がある、ポップでかわいい器を買って帰りたい！\r\n\r\n目を引くクマの看板が目印！\r\nhttps://www.yacchi-moon.jp/\r\n\r\n\r\n◎喫茶吉野\r\n北鎌倉駅から徒歩3分のオシャレなカフェ。\r\nクラシックな雰囲気の店内で、ケーキを食べながら静かに外を眺めたい。\r\n\r\nhttps://tabelog.com/kanagawa/A1404/A140401/14000247/", "date_begin": "2023-06-28", "date_end": "2023-07-01", "state_flag": true, "created_at": "2023-06-28T08:23:27Z", "categories": [1, 3, 4]}}, {"model": "article.article", "pk": 2, "fields": {"user": 3, "title": "渡韓前の事前チェックリスト【韓国旅行準備】", "image": "article_images/water-1018808_1280_4L6JbHz.jpg", "text": "テ\r\nキ\r\nス\r\nト", "date_begin": "2023-06-23", "date_end": "2023-07-01", "state_flag": true, "created_at": "2023-06-27T08:23:27Z", "categories": [6]}}, {"model": "article.article", "pk": 3, "fields": {"user": 3, "title": "フォトジェニックな空間を楽しむスポット５選", "image": "article_images/beach-1852945_640_9Rvi81q.jpg", "text": "テキスト", "date_begin": "2023-06-28", "date_end": "2023-07-02", "state_flag": true, "created_at": "2023-06-27T08:23:27Z", "categories": [3, 4, 7, 8, 10]}}, {"model": "article.article", "pk": 4, "fields": {"user": 1, "title": "あ", "image": "article_images/tree-838667_640.jpg", "text": "あ", "date_begin": "2023-06-25", "date_end": "2023-06-28", "state_flag": true, "created_at": "2023-06-27T08:23:27Z", "categories": []}}, {"model": "article.article", "pk": 5, "fields": {"user": 1, "title": "三重県のおすすめおでかけスポットを紹介", "image": "article_images/24196267_s.jpg", "text": "え", "date_begin": "2023-06-20", "date_end": "2023-06-30", "state_flag": true, "created_at": "2023-06-27T08:23:27Z", "categories": [3, 4, 9, 11, 12]}}, {"model": "article.article", "pk": 6, "fields": {"user": 4, "title": "'進化系着物'で最高にかわいい非日常を味わおう♪", "image": "article_images/drop-of-water-578897_640.jpg", "text": "テキスト", "date_begin": "2023-06-13", "date_end": "2023-07-02", "state_flag": true, "created_at": "2023-06-22T07:01:58Z", "categories": [1, 8, 13]}}, {"model": "article.article", "pk": 14, "fields": {"user": 4, "title": "大人も楽しい！絵本の美術館で一日を過ごそう", "image": "article_images/default_img.png", "text": "テキスト", "date_begin": "2023-06-30", "date_end": "2023-07-01", "state_flag": true, "created_at": "2023-06-30T00:05:12Z", "categories": [3, 14, 17, 23]}}, {"model": "article.article", "pk": 15, "fields": {"user": 3, "title": "和風イルミネーションで一味違うクリスマスを楽しもう", "image": "article_images/default_img.png", "text": "テキスト", "date_begin": "2023-06-28", "date_end": "2023-07-01", "state_flag": true, "created_at": "2023-06-30T00:06:33Z", "categories": [8, 9, 16, 17, 18, 19, 22]}}, {"model": "article.article", "pk": 16, "fields": {"user": 4, "title": "歩くだけでも楽しい！彼と散歩したい公園３選", "image": "article_images/default_img.png", "text": "テキスト", "date_begin": "2023-06-19", "date_end": "2023-06-26", "state_flag": true, "created_at": "2023-06-27T00:07:50Z", "categories": [9, 10, 14, 17, 22]}}, {"model": "article.article", "pk": 17, "fields": {"user": 4, "title": "雨の日でも楽しい屋内型デートスポットを紹介", "image": "article_images/default_img.png", "text": "テキスト", "date_begin": "2023-06-30", "date_end": "2023-06-30", "state_flag": true, "created_at": "2023-06-28T00:09:14Z", "categories": [3, 4, 11, 13, 14, 16, 17, 22, 23, 24]}}, {"model": "article.article", "pk": 18, "fields": {"user": 3, "title": "広島主催の体験ツアーが気になる", "image": "article_images/default_img.png", "text": "テキスト", "date_begin": "2023-06-30", "date_end": "2023-06-30", "state_flag": true, "created_at": "2023-06-30T00:10:38Z", "categories": [19, 25]}}, {"model": "article.article", "pk": 19, "fields": {"user": 3, "title": "パワースポットで運気を上げる旅に出る", "image": "article_images/default_img.png", "text": "テキスト", "date_begin": "2023-06-30", "date_end": "2023-06-30", "state_flag": true, "created_at": "2023-06-30T00:11:21Z", "categories": [1, 11, 12, 17, 26]}}, {"model": "article.article", "pk": 20, "fields": {"user": 4, "title": "東京駅周辺のランチ・カフェスポット５選", "image": "article_images/default_img.png", "text": "テキスト", "date_begin": "2023-06-30", "date_end": "2023-06-30", "state_flag": true, "created_at": "2023-06-30T00:12:12Z", "categories": [3, 4, 20]}}, {"model": "chat.chat", "pk": 1, "fields": {"groups": 1, "user": 5, "comment": "aaa", "created_at": "2023-06-27T04:29:02Z", "image": ""}}, {"model": "chat.chat", "pk": 2, "fields": {"groups": 1, "user": 7, "comment": "aaa", "created_at": "2023-06-27T04:41:29Z", "image": ""}}, {"model": "chat.chat", "pk": 3, "fields": {"groups": 1, "user": 5, "comment": "bbb", "created_at": "2023-06-27T04:42:05Z", "image": ""}}, {"model": "chat.chat", "pk": 4, "fields": {"groups": 6, "user": 1, "comment": "aaa", "created_at": "2023-06-27T04:52:20.028Z", "image": ""}}, {"model": "chat.chat", "pk": 5, "fields": {"groups": 6, "user": 5, "comment": "ｂｂｂ", "created_at": "2023-06-27T05:20:56Z", "image": ""}}, {"model": "chat.chat", "pk": 6, "fields": {"groups": 6, "user": 5, "comment": "ccc", "created_at": "2023-06-27T05:38:27Z", "image": ""}}, {"model": "chat.chat", "pk": 7, "fields": {"groups": 6, "user": 7, "comment": "https://www.google.com/?hl=ja", "created_at": "2023-06-27T05:48:30Z", "image": ""}}, {"model": "chat.chat", "pk": 8, "fields": {"groups": 8, "user": 5, "comment": "どこ行こうか～", "created_at": "2023-06-28T00:50:57Z", "image": ""}}, {"model": "chat.chat", "pk": 9, "fields": {"groups": 8, "user": 7, "comment": "こことかどう？", "created_at": "2023-06-28T00:52:08Z", "image": "chat_images/23-77620.jpeg"}}, {"model": "schedule.schedule", "pk": 1, "fields": {"title": "小旅行～♪", "duration_begin": "2023-06-22", "duration_end": "2023-06-30", "users": [5, 7], "categories": []}}, {"model": "schedule.schedule", "pk": 3, "fields": {"title": "夏休み旅行", "duration_begin": "2023-07-01", "duration_end": "2023-07-30", "users": [5, 7], "categories": [2]}}, {"model": "schedule.schedule", "pk": 6, "fields": {"title": "近くを一人旅", "duration_begin": "2023-06-26", "duration_end": "2023-06-30", "users": [5], "categories": [3, 14, 16]}}, {"model": "schedule.schedule", "pk": 8, "fields": {"title": "写真旅行", "duration_begin": "2023-06-27", "duration_end": "2023-06-29", "users": [5, 7], "categories": [7, 8, 9, 10]}}, {"model": "schedule.schedule", "pk": 9, "fields": {"title": "京都", "duration_begin": "2023-06-27", "duration_end": "2023-06-30", "users": [5, 7], "categories": [18]}}, {"model": "schedule.schedule", "pk": 16, "fields": {"title": "写真撮りまくり", "duration_begin": null, "duration_end": null, "users": [5], "categories": [8, 9, 17]}}, {"model": "schedule.schedule", "pk": 17, "fields": {"title": "東京ドイツ村", "duration_begin": "2023-07-01", "duration_end": "2023-07-01", "users": [7], "categories": [9, 21, 22]}}, {"model": "schedule.schedule", "pk": 18, "fields": {"title": "ピクニックをする", "duration_begin": null, "duration_end": null, "users": [5, 7], "categories": [4, 8, 9]}}, {"model": "schedule.plan", "pk": 1, "fields": {"schedule": 1, "place": "ご当地グルメ", "datetime": "2023-06-25T03:20:00Z", "memo": "", "image": "", "budget": 1000}}, {"model": "schedule.plan", "pk": 2, "fields": {"schedule": 1, "place": "国営ひたち海浜公園", "datetime": "2023-06-25T01:00:00Z", "memo": "https://hitachikaihin.jp/hana/nemophila/", "image": "plan_images/23-77620_uMhXRtp.jpeg", "budget": 1000}}, {"model": "schedule.plan", "pk": 3, "fields": {"schedule": 1, "place": "袋田の滝", "datetime": "2023-06-30T08:16:00Z", "memo": "", "image": "plan_images/56fe6_0000617966_1.jpg", "budget": 0}}, {"model": "schedule.plan", "pk": 4, "fields": {"schedule": 3, "place": "海！", "datetime": "2023-06-23T02:00:00Z", "memo": "", "image": "", "budget": 0}}, {"model": "schedule.plan", "pk": 5, "fields": {"schedule": 1, "place": "チェックイン", "datetime": "2023-06-24T04:30:00Z", "memo": "", "image": "", "budget": 10000}}, {"model": "schedule.plan", "pk": 7, "fields": {"schedule": 3, "place": "山", "datetime": "2023-06-22T21:00:00Z", "memo": "", "image": "", "budget": 0}}, {"model": "schedule.plan", "pk": 23, "fields": {"schedule": 8, "place": "国営ひたち海浜公園", "datetime": "2023-06-28T00:45:00Z", "memo": "https://hitachikaihin.jp/", "image": "plan_images/23-77620_RzUroHB.jpeg", "budget": 3000}}, {"model": "schedule.plan", "pk": 24, "fields": {"schedule": 3, "place": "川", "datetime": "2023-06-23T02:50:00Z", "memo": "BBQ", "image": "", "budget": 5000}}, {"model": "accounts.customuser", "pk": 1, "fields": {"password": "pbkdf2_sha256$600000$FLeNPoYCpTdIQyhgJL4HXB$r1rIIrkH+ChVEIJKeMRZxPJfUeMfD+MYwaDxsRwsxMo=", "last_login": "2023-06-30T00:50:01.357Z", "is_superuser": true, "username": "admin", "first_name": "", "last_name": "", "email": "a@a.com", "is_staff": true, "is_active": true, "date_joined": "2023-06-22T05:27:44Z", "bio": "", "birthday": null, "groups": [], "user_permissions": []}}, {"model": "accounts.customuser", "pk": 3, "fields": {"password": "pbkdf2_sha256$600000$xKIqLh8KvzvzNQU7K1OXDB$lEa2QOHpa3PDA1d76qFYdhD7n/GKSxJe+XU9OK5E95g=", "last_login": "2023-06-29T08:27:52.286Z", "is_superuser": false, "username": "CREiST", "first_name": "", "last_name": "", "email": "", "is_staff": true, "is_active": true, "date_joined": "2023-06-27T00:46:46Z", "bio": "", "birthday": null, "groups": [], "user_permissions": []}}, {"model": "accounts.customuser", "pk": 4, "fields": {"password": "user", "last_login": null, "is_superuser": false, "username": "user", "first_name": "u", "last_name": "s", "email": "u@u.com", "is_staff": true, "is_active": true, "date_joined": "2023-06-29T07:00:13Z", "bio": "", "birthday": "2023-06-29", "groups": [], "user_permissions": []}}, {"model": "accounts.customuser", "pk": 5, "fields": {"password": "hito", "last_login": null, "is_superuser": false, "username": "hito", "first_name": "hi", "last_name": "to", "email": "hi@h.com", "is_staff": false, "is_active": true, "date_joined": "2023-06-29T07:49:38Z", "bio": "", "birthday": "2023-06-29", "groups": [], "user_permissions": []}}, {"model": "accounts.customuser", "pk": 7, "fields": {"password": "pbkdf2_sha256$600000$tQrNBzVDNAPsC5Uz52NzLh$GSG7jFjWfT/oharKJ4lD/q9XhWp663te9sa4bw9v5bc=", "last_login": "2023-06-30T00:52:46.490Z", "is_superuser": false, "username": "ippan", "first_name": "いっぱん", "last_name": "ゆーざー", "email": "", "is_staff": false, "is_active": true, "date_joined": "2023-06-29T08:04:59.921Z", "bio": "", "birthday": "2023-06-29", "groups": [], "user_permissions": []}}, {"model": "sessions.session", "pk": "1bvv3ums10kfou8pl0tnmxd8c6445xz9", "fields": {"session_data": ".eJxVjEEOwiAQRe_C2pApMFJcuvcMhBlAqgaS0q6Md7dNutDte-__t_BhXYpfe5r9FMVFaHH6ZRT4meou4iPUe5Pc6jJPJPdEHrbLW4vpdT3av4MSetnWeB4UKYd2IKus0hlsdsYxjAlNBILMpJEDEqcM2Y0BQVvaGBgAReLzBcXWN10:1qEn0K:_twcTjrL3mPw2pvvu8HpDVGe63ZD_DZaejTYYMZhSEw", "expire_date": "2023-07-13T08:27:52.291Z"}}, {"model": "sessions.session", "pk": "2bqhsbnpssouf7wo1r0t87rpkh85byid", "fields": {"session_data": ".eJxVjMEOwiAQRP-FsyGUgoBH7_0GsrusUjWQlPZk_Hdp0oMeJpnMm5m3iLCtOW6NlzgncRFanH4zBHpy2UF6QLlXSbWsy4xyr8iDNjnVxK_r0f07yNByX1v2xgEhKPY3y-Q56IAa0SVITMEQOermHHhQviuRGrQfjfWj7bn4fAEg4Tkp:1qEQOE:1Dsc-XKkRykbiDOMGjHSlrju13xiZqa-VfshKlZ7n4U", "expire_date": "2023-07-12T08:19:02.794Z"}}, {"model": "sessions.session", "pk": "370vty80j3hrqtpcn12zrca91ha8dngl", "fields": {"session_data": ".eJxVjEEOwiAQRe_C2pBCYQZcuvcMhIFBqoYmpV0Z765NutDtf-_9lwhxW2vYOi9hyuIslDj9bhTTg9sO8j222yzT3NZlIrkr8qBdXufMz8vh_h3U2Ou39iWCdpBGzaChDGjBjFSQ0KkIxqPL6FFRyeAcaDYDOcvAmJIFb1C8P8bZNxs:1qE43z:1FWyNl9FEwtIPWmCc7FMTHZdY0U9I49LAvhTLeUWI2o", "expire_date": "2023-07-11T08:28:39.060Z"}}, {"model": "sessions.session", "pk": "713iq8chedh6r8r7vmmnu7dq4nue4bdg", "fields": {"session_data": ".eJxVjMsOwiAQRf-FtSE8hgZcuvcbyDAMUjWQlHZl_Hdt0oVu7znnvkTEba1xG7zEOYuz0OL0uyWkB7cd5Du2W5fU27rMSe6KPOiQ1575eTncv4OKo35rCIkny5aKtT4E9E4VLBoIqDgNk9WkbCZDCYNB9MqxMyEXSMGjBxDvD-pFOAU:1qDxgO:82t7Esw3DGUoy5DBwS2tVQsKFCOqj9XbgTVsN45eHk0", "expire_date": "2023-07-11T01:39:52.618Z"}}, {"model": "sessions.session", "pk": "8tj89sje95k3cfnv03rtkegncpc2j6nq", "fields": {"session_data": ".eJxVjMEOwiAQRP-FsyGUgoBH7_0GsrusUjWQlPZk_Hdp0oMeJpnMm5m3iLCtOW6NlzgncRFanH4zBHpy2UF6QLlXSbWsy4xyr8iDNjnVxK_r0f07yNByX1v2xgEhKPY3y-Q56IAa0SVITMEQOermHHhQviuRGrQfjfWj7bn4fAEg4Tkp:1qEQMN:pwJ7V6SktgAEg6_jnJdhKFXwrOHMzLUJeXeHiCrh5fQ", "expire_date": "2023-07-12T08:17:07.345Z"}}, {"model": "sessions.session", "pk": "d8aposbb4bhm1mng2zong4i481nh7jeb", "fields": {"session_data": ".eJxVjEEOwiAQRe_C2hAqMIBL956BDMNUqgaS0q6MdzckXej2v_f-W0TctxL3zmtcsrgIJ06_W0J6ch0gP7Dem6RWt3VJcijyoF3eWubX9XD_Dgr2MmqciFxiFxjPs5o08KwVhESZkoFAYIMxaElR9t4wIELwjqwOhBa8-HwBDfA4fA:1qF25F:vD-WW3-1bt2yh3FHhTm176ZFfCo7CdWEr34yIQxNSbE", "expire_date": "2023-07-14T00:33:57.662Z"}}, {"model": "sessions.session", "pk": "e5xy6rqwnc9u3b7bs95645c9zgxtv44v", "fields": {"session_data": ".eJxVjEEOwiAQRe_C2pBCYQZcuvcMhIFBqoYmpV0Z765NutDtf-_9lwhxW2vYOi9hyuIslDj9bhTTg9sO8j222yzT3NZlIrkr8qBdXufMz8vh_h3U2Ou39iWCdpBGzaChDGjBjFSQ0KkIxqPL6FFRyeAcaDYDOcvAmJIFb1C8P8bZNxs:1qEhMR:Yfa7aGQ60n5tbsfyoa9yB7xjM3iho_BwKj_WnGxEKHg", "expire_date": "2023-07-13T02:26:19.973Z"}}, {"model": "sessions.session", "pk": "elsr30qo3ky49q3vd2m3vsdp1zqzvh38", "fields": {"session_data": ".eJxVjEEOwiAQRe_C2pBCYQZcuvcMhIFBqoYmpV0Z765NutDtf-_9lwhxW2vYOi9hyuIslDj9bhTTg9sO8j222yzT3NZlIrkr8qBdXufMz8vh_h3U2Ou39iWCdpBGzaChDGjBjFSQ0KkIxqPL6FFRyeAcaDYDOcvAmJIFb1C8P8bZNxs:1qENcd:waME-vloAd0gNJQ8UOm4Hj7s901Mwhgg4INio96BuUs", "expire_date": "2023-07-12T05:21:43.387Z"}}, {"model": "sessions.session", "pk": "gxhzhm7krhqokt5baz42ijt1acn4a7hl", "fields": {"session_data": ".eJxVjEEOwiAQRe_C2hAqMIBL956BDMNUqgaS0q6MdzckXej2v_f-W0TctxL3zmtcsrgIJ06_W0J6ch0gP7Dem6RWt3VJcijyoF3eWubX9XD_Dgr2MmqciFxiFxjPs5o08KwVhESZkoFAYIMxaElR9t4wIELwjqwOhBa8-HwBDfA4fA:1qEmeG:uotb1W5Z5BxVWDpn6_jWpiaOEJ6Wg7zdqS5Nb-KfUgo", "expire_date": "2023-07-13T08:05:04.864Z"}}, {"model": "sessions.session", "pk": "ihyif0rfn71x2eun4ot0y9kt9024abe0", "fields": {"session_data": ".eJxVjEEOwiAQRe_C2pBCYQZcuvcMhIFBqoYmpV0Z765NutDtf-_9lwhxW2vYOi9hyuIslDj9bhTTg9sO8j222yzT3NZlIrkr8qBdXufMz8vh_h3U2Ou39iWCdpBGzaChDGjBjFSQ0KkIxqPL6FFRyeAcaDYDOcvAmJIFb1C8P8bZNxs:1qEKhe:0KztjtCUuTn2fE00RZsZt1L7mPwkTn127AC5vgX-f3k", "expire_date": "2023-07-12T02:14:42.025Z"}}, {"model": "sessions.session", "pk": "kwhys8p6uqcke60wjy5vjcghr2els5r7", "fields": {"session_data": ".eJxVjEEOwiAQRe_C2pBCYQZcuvcMhIFBqoYmpV0Z765NutDtf-_9lwhxW2vYOi9hyuIslDj9bhTTg9sO8j222yzT3NZlIrkr8qBdXufMz8vh_h3U2Ou39iWCdpBGzaChDGjBjFSQ0KkIxqPL6FFRyeAcaDYDOcvAmJIFb1C8P8bZNxs:1qEJYs:mkozSJAIvA2yJXZPJ1k8VYSbwaX8b89ymrk9xY-f9TI", "expire_date": "2023-07-12T01:01:34.287Z"}}, {"model": "sessions.session", "pk": "ls1f0d7gfbsh3uqd8p08qns6jadhfo1x", "fields": {"session_data": ".eJxVjMsOwiAQRf-FtSE8hgZcuvcbyDAMUjWQlHZl_Hdt0oVu7znnvkTEba1xG7zEOYuz0OL0uyWkB7cd5Du2W5fU27rMSe6KPOiQ1575eTncv4OKo35rCIkny5aKtT4E9E4VLBoIqDgNk9WkbCZDCYNB9MqxMyEXSMGjBxDvD-pFOAU:1qDhb0:TP0ipCzIZvj9VaUzZMt9quRnc5Qzqsf9hgaQHxyaGqs", "expire_date": "2023-07-10T08:29:14.426Z"}}, {"model": "sessions.session", "pk": "o9xq08ojfnsa0bjg2wml76hnv2kozguy", "fields": {"session_data": ".eJxVjEEOwiAQRe_C2hAqMIBL956BDMNUqgaS0q6MdzckXej2v_f-W0TctxL3zmtcsrgIJ06_W0J6ch0gP7Dem6RWt3VJcijyoF3eWubX9XD_Dgr2MmqciFxiFxjPs5o08KwVhESZkoFAYIMxaElR9t4wIELwjqwOhBa8-HwBDfA4fA:1qF2NS:HAl1K_nVDeGQdbriIyIElcfxcwnCIm1DXs3zZGxPO0A", "expire_date": "2023-07-14T00:52:46.493Z"}}, {"model": "sessions.session", "pk": "ow7zytrnknhnyzekr7spguu09bh9avee", "fields": {"session_data": ".eJxVjEEOwiAQRe_C2pBCYQZcuvcMhIFBqoYmpV0Z765NutDtf-_9lwhxW2vYOi9hyuIslDj9bhTTg9sO8j222yzT3NZlIrkr8qBdXufMz8vh_h3U2Ou39iWCdpBGzaChDGjBjFSQ0KkIxqPL6FFRyeAcaDYDOcvAmJIFb1C8P8bZNxs:1qEMdS:RqkQkkvTaggFhOQum_0ctuOr0xELp_5fZuJOwGiN6uI", "expire_date": "2023-07-12T04:18:30.596Z"}}, {"model": "sessions.session", "pk": "pt4aq8640f8dkg7pu7p189w6del36f9f", "fields": {"session_data": ".eJxVjEEOwiAQRe_C2pBCYQZcuvcMhIFBqoYmpV0Z765NutDtf-_9lwhxW2vYOi9hyuIslDj9bhTTg9sO8j222yzT3NZlIrkr8qBdXufMz8vh_h3U2Ou39iWCdpBGzaChDGjBjFSQ0KkIxqPL6FFRyeAcaDYDOcvAmJIFb1C8P8bZNxs:1qEmYf:MLa3gV5ycfdQI3paQj53pr5fT7NrH7MSFGRpDAgUlrM", "expire_date": "2023-07-13T07:59:17.538Z"}}, {"model": "sessions.session", "pk": "qnbmp79pzbk9olj2wnjfhv78lytfnti8", "fields": {"session_data": ".eJxVjEEOwiAQRe_C2pBCYQZcuvcMhIFBqoYmpV0Z765NutDtf-_9lwhxW2vYOi9hyuIslDj9bhTTg9sO8j222yzT3NZlIrkr8qBdXufMz8vh_h3U2Ou39iWCdpBGzaChDGjBjFSQ0KkIxqPL6FFRyeAcaDYDOcvAmJIFb1C8P8bZNxs:1qF1a9:T1B7cxcY1g2srn9NVmR0lzHBaw4wBxpCl3ZfpJff2oI", "expire_date": "2023-07-14T00:01:49.003Z"}}, {"model": "sessions.session", "pk": "t86klzxocow0vm3b8e0c6jjxsdxsdaa0", "fields": {"session_data": ".eJxVjEEOwiAQRe_C2pBCYQZcuvcMhIFBqoYmpV0Z765NutDtf-_9lwhxW2vYOi9hyuIslDj9bhTTg9sO8j222yzT3NZlIrkr8qBdXufMz8vh_h3U2Ou39iWCdpBGzaChDGjBjFSQ0KkIxqPL6FFRyeAcaDYDOcvAmJIFb1C8P8bZNxs:1qDbOv:_06ZPHz9ieyj2302xTZ_7ALD5zFZn3fLJ1Eh4510rfk", "expire_date": "2023-07-10T01:52:21.343Z"}}, {"model": "sessions.session", "pk": "wiln3elj4zbfsbbg7ugwqxfci22idalt", "fields": {"session_data": ".eJxVjEEOwiAQRe_C2pBCYQZcuvcMhIFBqoYmpV0Z765NutDtf-_9lwhxW2vYOi9hyuIslDj9bhTTg9sO8j222yzT3NZlIrkr8qBdXufMz8vh_h3U2Ou39iWCdpBGzaChDGjBjFSQ0KkIxqPL6FFRyeAcaDYDOcvAmJIFb1C8P8bZNxs:1qEjfr:6bbHfrAmkGz7BAdber_d3miqpF0Z40I_Krx76n0hhp8", "expire_date": "2023-07-13T04:54:31.014Z"}}, {"model": "sessions.session", "pk": "wqq3og95db0lx93srx1jec5gjivhff55", "fields": {"session_data": ".eJxVjEEOwiAQRe_C2hAqMIBL956BDMNUqgaS0q6MdzckXej2v_f-W0TctxL3zmtcsrgIJ06_W0J6ch0gP7Dem6RWt3VJcijyoF3eWubX9XD_Dgr2MmqciFxiFxjPs5o08KwVhESZkoFAYIMxaElR9t4wIELwjqwOhBa8-HwBDfA4fA:1qF1wO:Id6zqKk91s3ca6jZEbIEveJhTatYTZpoGk5VbMtwHMM", "expire_date": "2023-07-14T00:24:48.576Z"}}]
